id,topic,essay
1001,Compare and contrast the importance of self-reliance and adaptability in healthcare.," In healthcare, self-reliance is key for professional growth, but adaptability is pivotal in responding to ever-evolving medical situations. In healthcare, self-reliance empowers individual decision-making, whereas adaptability fosters responsiveness to evolving patient needs and medical advancements. In healthcare, the virtue of self-reliance empowers personal growth, while adaptability equips practitioners for evolving medical landscapes. In healthcare, self-reliance empowers personal health autonomy, whereas adaptability fosters versatility in ever-evolving medical landscapes. In healthcare, self-reliance empowers personal health management, while adaptability navigates dynamic medical landscapes, each indispensable in their."
1002,Evaluate the effectiveness of management consulting in addressing conflicts within marketing.," Scrutinizing the potency of management consulting unveils its crucial role in resolving marketing-related internal discordances. Assessing the efficacy of management consulting in resolving intra-marketing disputes provides valuable insights into its real-world applicability. Assessing the efficacy of management consulting unveils its pivotal role in resolving internal marketing disagreements with calculated strategy. The impact of management consulting in resolving marketing conflicts warrants profound scrutiny, highlighting its success or failure in conflict mediation. Assessing the potency of management consulting in resolving discord within the marketing sphere demands a meticulous investigation."
1003,Discuss the role of self-reliance in achieving success in software engineering.," Self-reliance in software engineering propels success by fostering ingenuity and independent problem-solving in the face of complex coding challenges. Self-reliance propels a software engineers journey towards success, fostering an innate ability to solve complex problems independently and efficiently. In software engineering, harnessing self-reliance propels one towards success by fostering problem-solving skills and innovation. In software engineering, nurturing self-reliance propels one towards success by fostering autonomy, problem-solving skills, and innovation-driven thinking. Self-reliance in software engineering propels one towards success, fostering independent problem-solving and innovation in complex coding scenarios."
1004,Analyze the impact of technological innovation on the evolution of architectural design.," Technological innovation stirs the cauldron of architectural design evolution, engendering unimagined structures of aesthetic and functional. Technological innovation has been the unseen sculptor, subtly reshaping the contours of architectural designs evolution in profound ways. Technological innovation has served as a crucial catalyst, profoundly influencing the metamorphosis of architectural design over time. Technological innovation has ignited a metamorphosis in architectural design, redefining its boundaries and expanding its creative horizon. Technological innovation has penned a new chapter in the annals of architectural design, refining its evolution with groundbreaking precision and efficiency."
1005,Analyze the influence of social media on interpersonal communication in modern society.," Social medias imprint on modern society has revolutionized interpersonal communication, often blurring the borders between public and private discourse. In todays digital society, social media has remarkably reshaped interpersonal communication, fostering an era of instant, borderless exchanges. Delineating the sway of social media, modern society witnesses a redefined paradigm of interpersonal communication swathed in digital threads. Social media, in its digital omnipresence, has profoundly metamorphosed interpersonal communication dynamics in our contemporary society. Social media, in modern society, has emerged as a double-edged sword influencing interpersonal communication, both enhancing and hindering its."
1006,Assess the role of sustainable practices in revolutionizing the fashion industry.," Sustainable practices are spearheading a radical transformation in the fashion industry, championing environmental responsibility while remodelling design and production techniques. Sustainable practices are spearheading a green revolution in the fashion industry, redefining its ethos towards environmental responsibility. Sustainable practices are pioneering a revolution in the fashion industry by fusing style with environmental responsibility. Sustainable practices are pioneering a revolution in the fashion sector, ushering in an era of environmentally-conscious, ethical garment production. Sustainable practices chart a revolutionary pathway in the fashion industry, fostering an eco-friendly metamorphosis in fabric production and design."
1007,Explore the implications of space travel advancements on future human settlement possibilities.," Space travel advancements unfurl intriguing horizons for the future, potentially reshaping human habitation prospects beyond earthly confines. Space travel innovations could potentially unfurl the canvas of untapped human settlement opportunities across the cosmic frontier. Advancements in space travel may unlock unimagined frontiers, paving the way for potential human settlements beyond our earthly confines. As space travel evolves, the cosmos unfurls itself as a future address for mankind, broadening our settlement horizons beyond the azure. As space travel technology propels forward, we unlock unprecedented potential for future human habitation beyond Earths confines."
1008,Examine the impact of climate change on global agricultural practices and food security.," Climate changes relentless march insidiously reshapes global farming methodologies, juggling the delicate equilibrium of global food security. Climate changes relentless grip is reshaping global agricultural methods and casting a daunting shadow over our food security future. Climate changes relentless onslaught is drastically reshaping global agricultural methodologies, thrusting food security into a precarious state of uncertainty. Climate change, altering global agricultural norms, thrusts food security into precarious imbalance, necessitating urgent examination and adaptation. Climate changes relentless march threatens global agricultural norms, potentially destabilizing our shared food security quilt."
1009,Discuss the significance of emotional intelligence in enhancing leadership skills in the corporate world.," Emotional intelligence acts as a linchpin in the corporate realm, bolstering leadership proficiency by fostering empathetic communication and decision. Emotional intelligence serves as a pivotal fulcrum, amplifying leadership competence in the corporate sphere through enhanced empathy and perception. In the corporate sphere, emotional intelligence serves as a pivotal catalyst, magnifying leadership prowess and fostering a more harmonious workplace. Emotional intelligence, in the corporate sphere, serves as a crucial catalyst in refining leadership skills and fostering effective communication. Emotional intelligence acts as a catalyst, enhancing leadership abilities and fostering a more empathetic corporate environment."
1010,Interrogate the effects of virtual reality advancements on the modern education system.," Probing into the ripple effects of virtual reality advancements unveils a transformative shift in the landscape of contemporary educational systems. Exploring the transformative impact of virtual reality innovations, we examine its ripple effects on the contemporary academic landscape. Let us delve into the ramifications of cutting-edge virtual reality innovations on todays pedagogical landscape, a realm forever transformed. Probing into the modern education system, one must assess how advancements in virtual reality are reshaping its pedagogical landscape. Virtual realitys progressive strides pose a curious conundrum: are they the catalyst or the disruptor in todays pedagog."
1011,Evaluate the influence of artificial intelligence on decision-making processes in financial institutions.," Scrutinizing the sway of artificial intelligence on verdict-forming operations within monetary entities uncovers profound implications for the financial realm. Artificial intelligence profoundly reshapes decision-making in financial institutions by injecting precision, speed, and efficiency into their operations. Artificial intelligence profoundly revolutionizes decision-making procedures in financial institutions by infusing accuracy, speed, and predictive analytics. Artificial intelligence drastically transfigures financial institutions decision-making processes by infusing precision, speed, and predictive capabilities. Artificial intelligence, as a disruptor in financial institutions, is redefining decision-making processes with its predictive and analytical prowess."
1012,Explore the role of blockchain technology in enhancing transparency in supply chain management.," Blockchain technology serves as a beacon of transparency in supply chain management, providing an unalterable record of product journeys. Blockchain technology pioneers a new era of transparency in supply chain management by providing an immutable and verifiable transaction history. Blockchain technology, by fostering an immutable ledger, revolutionizes supply chain management, instilling unparalleled transparency and traceability. Blockchain technology, through its decentralized ledger, revolutionizes supply chain management by fostering unprecedented transparency and traceability. Blockchain technology, by fostering immutable records, illuminates the supply chain management process, amplifying transparency and trustworthiness."
1013,Assess the contributions of quantum computing to advancements in cybersecurity measures.," Quantum computings unique architectural attributes have significantly revolutionized and bolstered the strength of cybersecurity measures globally. Quantum computing, with its complex algorithms, has revolutionized cybersecurity measures, escalating them to unprecedented levels of robustness. Quantum computing has revolutionized cybersecurity, fortifying defenses by introducing uncrackable encryption and exponentially faster threat detection. Quantum computing, with its superior processing power, has revolutionized cybersecurity measures by enhancing encryption algorithms and data protection techniques. Quantum computing has revolutionized cybersecurity, notably enhancing encryption algorithms and bringing a new level of invulnerability to data protection."
1014,Investigate the impact of urbanization on wildlife biodiversity and conservation efforts.," Probing into urbanizations sway on wildlife biodiversity unveils a kaleidoscope of impacts, stirring significant conservation deliberations. Probing into urbanizations imprint on wildlife biodiversity reveals startling repercussions on conservation endeavors. Urban sprawls relentless march necessitates probing its ramifications on wildlife biodiversity and the efficacy of conservation strategies. Urbanizations relentless encroachment often disrupts wildlife biodiversity, necessitating innovative conservation strategies to restore ecological equilibrium. Urbanizations relentless sprawl necessitates a profound investigation into its effects on wildlife biodiversity and the efficacy of conservation initiatives."
1015,Examine the influence of mindfulness meditation on mental health and stress management.," Delving into the impact of mindfulness meditation uncovers its profound role in fortifying mental health and diffusing stress. Delving into the realm of mindfulness meditation unveils its profound impact on mental wellbeing and stress modulation. Exploring the power of mindfulness meditation uncovers its profound impact on bolstering mental health and efficiently managing stress. Scrutinizing the sway of mindfulness meditation, one discerns its paramount role in bolstering mental health and assuaging. Delving into the serene realm of mindfulness meditation reveals its profound impact on mental tranquility and stress modulation."
1016,Analyze the role of ethical consumerism in promoting sustainable business practices., Ethical consumerism bolsters sustainable business practices by creating market demand that values environmental responsibility and social equity. Ethical consumerism serves as a crucial catalyst in championing sustainable business methods by influencing market trends towards environmental responsibility. Ethical consumerism fuels sustainable business practices by encouraging companies to consider environmental impact and social responsibility in their operational strategies. Ethical consumerism fuels sustainable business ventures by endorsing eco-friendly products and penalizing environmentally detrimental practices. Ethical consumerisms role is pivotal in ushering sustainable business protocols by fostering a market favoring environmentally and socially conscious practices.
1017,Explore the impact of digital transformation on the hospitality and tourism industry.," Diving into the digital realm has revolutionized the hospitality and tourism industry, fostering new opportunities for customer engagement and operational efficiency. Digital transformation has catalyzed a dynamic shift in the hospitality and tourism industry, revolutionizing customer experiences and operational efficiencies. Digital transformation has ushered in a novel epoch for the hospitality and tourism industry, profoundly reshaping service delivery and customer interactions. Diving into the digital era, the hospitality and tourism industry experiences a profound metamorphosis, reshaping traditional business models. Digital transformation has invigorated the hospitality and tourism industry, catapulting customer experiences to unprecedented heights of convenience and personalization."
1018,Discuss the impact of gender diversity in enhancing productivity within the tech industry.," Gender diversity in the tech industry fuels innovation, enriches perspectives, and fosters a more comprehensive approach to problem-solving, ampl. Gender diversity in the tech industry invigorates innovation and broadens perspectives, thereby accelerating productivity and fostering growth. Gender diversity within the tech industry injects a variety of perspectives, stimulating creativity and augmenting overall productivity. Gender diversity in the tech industry, by inviting varied perspectives, can cultivate innovative solutions and thereby boost productivity significantly. Gender diversity in the tech industry acts as a catalyst, invigorating productivity through a fusion of diverse perspectives and approaches."
1019,Evaluate the role of marine conservation in preserving global biodiversity and ecosystems.," Marine conservation serves as a global sentinel, significantly fostering biodiversity preservation and ecosystem resilience throughout our planets underwater realms. Marine conservation acts as the crucial heartbeat in the body of global biodiversity and ecosystem preservation efforts. Marine conservation serves as the sentinel of global biodiversity and ecosystems, safeguarding their intricate balance from destructive human activities. Marine conservations pivotal role in maintaining global biodiversity and ecosystems cannot be overstated, serving as the keystone in our planets. Marine conservation serves as a crucial lifeline, sustaining global biodiversity and ecosystem balance through vigilant preservation efforts."
1020,Analyze the implications of robotics in improving efficiency and productivity in the manufacturing industry.," Robotics, in the realm of manufacturing, signifies a monumental leap towards amplified productivity and heightened efficiency. Delving into the realm of robotics reveals a fascinating efficiency surge, revolutionizing the manufacturing industrys productivity landscape. Robotics, by streamlining repetitive tasks in the manufacturing industry, bolsters efficiency while simultaneously enhancing productivity. Robotics, when incorporated in manufacturing, can potentially turbocharge efficiency and productivity, revolutionizing the industry dynamics. Diving into the realm of robotics unveils unprecedented potential for enhancing manufacturing efficiency, propelling productivity to previously unattainable heights."
1021,Evaluate the role of music therapy in improving the mental health of individuals in clinical and community settings.," Music therapy, when adeptly applied in both clinical and community contexts, can be a profound catalyst for mental health enhancement in individuals. Music therapys harmonious role in enhancing mental wellness within both clinical environments and community spaces deserves a thorough and careful assessment. Music therapys harmonious intervention manifests substantial improvement in individuals mental health across clinical and community environments. Music therapy, in clinical and community arenas, wields a powerful, transformative effect on individuals mental wellbeing, warranting in. Music therapys harmonious role in clinical and community settings underscores its profound impact on enhancing individuals mental wellbeing."
1022,Examine the influence of urban farming on food security and sustainable city development.," Urban farmings influence, often underestimated, is pivotal in fortifying food security and fostering sustainable city development. Urban farming, acting as the catalyst of food security, shapes an era of sustainable city development through its profound influence. Urban farming, as a catalyst of food security, also serves as a pivotal cornerstone in promoting sustainable city development. Urban farming, a burgeoning green revolution, potentially bolsters food security while fostering sustainable urban development. Urban farmings pivotal role in bolstering food security and fostering sustainable city development deserves a comprehensive examination."
1023,Discuss the impact of nanotechnology on the future of healthcare diagnostics and treatments.," Envisaging the future of healthcare, nanotechnology promises to revolutionize diagnostics and treatments, potentially transforming the medical landscape. Envision a future where nanotechnology revolutionizes healthcare diagnostics and treatments, ushering in unprecedented precision, efficiency, and efficacy. Unveiling potential revolutions, nanotechnologys integration into healthcare diagnostics and treatments could redefine future medical scenarios. Nanotechnology, in the future, could revolutionize healthcare diagnostics and treatment methodologies, imprinting a new era of precision and efficiency. Nanotechnologys advent promises a seismic shift in healthcare diagnostics and treatments, potentially revolutionizing prognosis accuracy and therapeutic efficacy."
1024,Assess the influence of digital storytelling on the promotion and preservation of cultural heritage.," Digital storytelling has emerged as a revolutionary tool, amplifying the promotion and safeguarding of cultural heritage in an increasingly connected world. Digital storytelling illuminates the potential to bolster cultural heritage preservation, transforming it into an immersive promotional platform for global audiences. Digital storytelling pioneers a novel approach to promoting and preserving cultural heritage, revolutionizing its accessibility and global reach. Digital storytelling fosters the promotion and preservation of cultural heritage, by transforming static artifacts into dynamic narratives with global reach. Digital storytelling fosters an interactive platform, enhancing both the promotion and preservation of cultural heritage through its dynamic narrative capabilities."
1025,Investigate the effects of climate change on the migration patterns of birds.," Climate changes nuanced impacts necessitate a deep dive into how it disruptively recalibrates avian migratory trajectories. Delving into the impact of climate change unveils noteworthy shifts in avian migratory trajectories, an eco-puzzle demanding urgent. Probing into the influence of climate change unravels startling shifts in avian migratory trajectories, painting a perturbing. Delving into the climatic enigma unveils how alterations in weather patterns distinctly influence avian migratory trajectories. Probing the implications of climate shifts uncovers startling transformations in avian migratory trajectories."
