id,topic
1001,Compare and contrast the importance of self-reliance and adaptability in healthcare.
1002,Evaluate the effectiveness of management consulting in addressing conflicts within marketing.
1003,Discuss the role of self-reliance in achieving success in software engineering.
1004,Analyze the impact of technological innovation on the evolution of architectural design.
1005,Analyze the influence of social media on interpersonal communication in modern society.
1006,Assess the role of sustainable practices in revolutionizing the fashion industry.
1007,Explore the implications of space travel advancements on future human settlement possibilities.
1008,Examine the impact of climate change on global agricultural practices and food security.
1009,Discuss the significance of emotional intelligence in enhancing leadership skills in the corporate world.
1010,Interrogate the effects of virtual reality advancements on the modern education system.
1011,Evaluate the influence of artificial intelligence on decision-making processes in financial institutions.
1012,Explore the role of blockchain technology in enhancing transparency in supply chain management.
1013,Assess the contributions of quantum computing to advancements in cybersecurity measures.
1014,Investigate the impact of urbanization on wildlife biodiversity and conservation efforts.
1015,Examine the influence of mindfulness meditation on mental health and stress management.
1016,Analyze the role of ethical consumerism in promoting sustainable business practices.
1017,Explore the impact of digital transformation on the hospitality and tourism industry.
1018,Discuss the impact of gender diversity in enhancing productivity within the tech industry.
1019,Evaluate the role of marine conservation in preserving global biodiversity and ecosystems.
1020,Analyze the implications of robotics in improving efficiency and productivity in the manufacturing industry.
1021,Evaluate the role of music therapy in improving the mental health of individuals in clinical and community settings.
1022,Examine the influence of urban farming on food security and sustainable city development.
1023,Discuss the impact of nanotechnology on the future of healthcare diagnostics and treatments.
1024,Assess the influence of digital storytelling on the promotion and preservation of cultural heritage.
1025,Investigate the effects of climate change on the migration patterns of birds.
